run_accession	run_id	group_label
SRR16234007	SRR16234007_1	PRJNA769402___BT549_BREAST___OE_CDC25A___120.0___hours___nan___nan___1.0
SRR16234006	SRR16234006_1	PRJNA769402___BT549_BREAST___OE_CDC25A___120.0___hours___nan___nan___1.0
SRR16234005	SRR16234005_1	PRJNA769402___BT549_BREAST___OE_CDC25A___120.0___hours___nan___nan___1.0
SRR16234008	SRR16234008_1	PRJNA769402___BT549_BREAST___OE_CDC25A___120.0___hours___nan___nan___1.0
SRR16234012	SRR16234012_1	PRJNA769402___BT549_BREAST___OE_CDC25A___120.0___hours___nan___nan___1.0
SRR16234009	SRR16234009_1	PRJNA769402___BT549_BREAST___OE_CDC25A___120.0___hours___nan___nan___1.0
SRR16234011	SRR16234011_1	PRJNA769402___BT549_BREAST___OE_CDC25A___120.0___hours___nan___nan___1.0
SRR16234010	SRR16234010_1	PRJNA769402___BT549_BREAST___OE_CDC25A___120.0___hours___nan___nan___1.0
SRR16234406	SRR16234406_1	PRJNA769402___BT549_BREAST___OE_CDC25A___120.0___hours___nan___nan___2.0
SRR16234405	SRR16234405_1	PRJNA769402___BT549_BREAST___OE_CDC25A___120.0___hours___nan___nan___2.0
SRR16234411	SRR16234411_1	PRJNA769402___BT549_BREAST___OE_CDC25A___120.0___hours___nan___nan___2.0
SRR16234404	SRR16234404_1	PRJNA769402___BT549_BREAST___OE_CDC25A___120.0___hours___nan___nan___2.0
SRR16234408	SRR16234408_1	PRJNA769402___BT549_BREAST___OE_CDC25A___120.0___hours___nan___nan___2.0
SRR16234407	SRR16234407_1	PRJNA769402___BT549_BREAST___OE_CDC25A___120.0___hours___nan___nan___2.0
SRR16234410	SRR16234410_1	PRJNA769402___BT549_BREAST___OE_CDC25A___120.0___hours___nan___nan___2.0
SRR16234409	SRR16234409_1	PRJNA769402___BT549_BREAST___OE_CDC25A___120.0___hours___nan___nan___2.0
SRR16233936	SRR16233936_1	PRJNA769402___BT549_BREAST___OE_CDC25A___48.0___hours___nan___nan___1.0
SRR16233935	SRR16233935_1	PRJNA769402___BT549_BREAST___OE_CDC25A___48.0___hours___nan___nan___1.0
SRR16233933	SRR16233933_1	PRJNA769402___BT549_BREAST___OE_CDC25A___48.0___hours___nan___nan___1.0
SRR16233934	SRR16233934_1	PRJNA769402___BT549_BREAST___OE_CDC25A___48.0___hours___nan___nan___1.0
SRR16233939	SRR16233939_1	PRJNA769402___BT549_BREAST___OE_CDC25A___48.0___hours___nan___nan___1.0
SRR16233940	SRR16233940_1	PRJNA769402___BT549_BREAST___OE_CDC25A___48.0___hours___nan___nan___1.0
SRR16233938	SRR16233938_1	PRJNA769402___BT549_BREAST___OE_CDC25A___48.0___hours___nan___nan___1.0
SRR16233937	SRR16233937_1	PRJNA769402___BT549_BREAST___OE_CDC25A___48.0___hours___nan___nan___1.0
SRR16234215	SRR16234215_1	PRJNA769402___BT549_BREAST___OE_CDC25A___48.0___hours___nan___nan___2.0
SRR16234214	SRR16234214_1	PRJNA769402___BT549_BREAST___OE_CDC25A___48.0___hours___nan___nan___2.0
SRR16234212	SRR16234212_1	PRJNA769402___BT549_BREAST___OE_CDC25A___48.0___hours___nan___nan___2.0
SRR16234213	SRR16234213_1	PRJNA769402___BT549_BREAST___OE_CDC25A___48.0___hours___nan___nan___2.0
SRR16234218	SRR16234218_1	PRJNA769402___BT549_BREAST___OE_CDC25A___48.0___hours___nan___nan___2.0
SRR16234219	SRR16234219_1	PRJNA769402___BT549_BREAST___OE_CDC25A___48.0___hours___nan___nan___2.0
SRR16234217	SRR16234217_1	PRJNA769402___BT549_BREAST___OE_CDC25A___48.0___hours___nan___nan___2.0
SRR16234216	SRR16234216_1	PRJNA769402___BT549_BREAST___OE_CDC25A___48.0___hours___nan___nan___2.0
SRR16233999	SRR16233999_1	PRJNA769402___BT549_BREAST___PLASMID_OE_CDC25A___120.0___hours___nan___nan___1.0
SRR16233998	SRR16233998_1	PRJNA769402___BT549_BREAST___PLASMID_OE_CDC25A___120.0___hours___nan___nan___1.0
SRR16234004	SRR16234004_1	PRJNA769402___BT549_BREAST___PLASMID_OE_CDC25A___120.0___hours___nan___nan___1.0
SRR16233997	SRR16233997_1	PRJNA769402___BT549_BREAST___PLASMID_OE_CDC25A___120.0___hours___nan___nan___1.0
SRR16234000	SRR16234000_1	PRJNA769402___BT549_BREAST___PLASMID_OE_CDC25A___120.0___hours___nan___nan___1.0
SRR16234001	SRR16234001_1	PRJNA769402___BT549_BREAST___PLASMID_OE_CDC25A___120.0___hours___nan___nan___1.0
SRR16234002	SRR16234002_1	PRJNA769402___BT549_BREAST___PLASMID_OE_CDC25A___120.0___hours___nan___nan___1.0
SRR16234003	SRR16234003_1	PRJNA769402___BT549_BREAST___PLASMID_OE_CDC25A___120.0___hours___nan___nan___1.0
SRR16234398	SRR16234398_1	PRJNA769402___BT549_BREAST___PLASMID_OE_CDC25A___120.0___hours___nan___nan___2.0
SRR16234397	SRR16234397_1	PRJNA769402___BT549_BREAST___PLASMID_OE_CDC25A___120.0___hours___nan___nan___2.0
SRR16234396	SRR16234396_1	PRJNA769402___BT549_BREAST___PLASMID_OE_CDC25A___120.0___hours___nan___nan___2.0
SRR16234399	SRR16234399_1	PRJNA769402___BT549_BREAST___PLASMID_OE_CDC25A___120.0___hours___nan___nan___2.0
SRR16234403	SRR16234403_1	PRJNA769402___BT549_BREAST___PLASMID_OE_CDC25A___120.0___hours___nan___nan___2.0
SRR16234400	SRR16234400_1	PRJNA769402___BT549_BREAST___PLASMID_OE_CDC25A___120.0___hours___nan___nan___2.0
SRR16234402	SRR16234402_1	PRJNA769402___BT549_BREAST___PLASMID_OE_CDC25A___120.0___hours___nan___nan___2.0
SRR16234401	SRR16234401_1	PRJNA769402___BT549_BREAST___PLASMID_OE_CDC25A___120.0___hours___nan___nan___2.0
SRR16233928	SRR16233928_1	PRJNA769402___BT549_BREAST___PLASMID_OE_CDC25A___48.0___hours___nan___nan___1.0
SRR16233927	SRR16233927_1	PRJNA769402___BT549_BREAST___PLASMID_OE_CDC25A___48.0___hours___nan___nan___1.0
SRR16233925	SRR16233925_1	PRJNA769402___BT549_BREAST___PLASMID_OE_CDC25A___48.0___hours___nan___nan___1.0
SRR16233926	SRR16233926_1	PRJNA769402___BT549_BREAST___PLASMID_OE_CDC25A___48.0___hours___nan___nan___1.0
SRR16233931	SRR16233931_1	PRJNA769402___BT549_BREAST___PLASMID_OE_CDC25A___48.0___hours___nan___nan___1.0
SRR16233932	SRR16233932_1	PRJNA769402___BT549_BREAST___PLASMID_OE_CDC25A___48.0___hours___nan___nan___1.0
SRR16233929	SRR16233929_1	PRJNA769402___BT549_BREAST___PLASMID_OE_CDC25A___48.0___hours___nan___nan___1.0
SRR16233930	SRR16233930_1	PRJNA769402___BT549_BREAST___PLASMID_OE_CDC25A___48.0___hours___nan___nan___1.0
SRR16234207	SRR16234207_1	PRJNA769402___BT549_BREAST___PLASMID_OE_CDC25A___48.0___hours___nan___nan___2.0
SRR16234206	SRR16234206_1	PRJNA769402___BT549_BREAST___PLASMID_OE_CDC25A___48.0___hours___nan___nan___2.0
SRR16234204	SRR16234204_1	PRJNA769402___BT549_BREAST___PLASMID_OE_CDC25A___48.0___hours___nan___nan___2.0
SRR16234205	SRR16234205_1	PRJNA769402___BT549_BREAST___PLASMID_OE_CDC25A___48.0___hours___nan___nan___2.0
SRR16234210	SRR16234210_1	PRJNA769402___BT549_BREAST___PLASMID_OE_CDC25A___48.0___hours___nan___nan___2.0
SRR16234211	SRR16234211_1	PRJNA769402___BT549_BREAST___PLASMID_OE_CDC25A___48.0___hours___nan___nan___2.0
SRR16234209	SRR16234209_1	PRJNA769402___BT549_BREAST___PLASMID_OE_CDC25A___48.0___hours___nan___nan___2.0
SRR16234208	SRR16234208_1	PRJNA769402___BT549_BREAST___PLASMID_OE_CDC25A___48.0___hours___nan___nan___2.0
SRR16234024	SRR16234024_1	PRJNA769402___BT549_BREAST___OE_CCND1___120.0___hours___nan___nan___1.0
SRR16234023	SRR16234023_1	PRJNA769402___BT549_BREAST___OE_CCND1___120.0___hours___nan___nan___1.0
SRR16234021	SRR16234021_1	PRJNA769402___BT549_BREAST___OE_CCND1___120.0___hours___nan___nan___1.0
SRR16234022	SRR16234022_1	PRJNA769402___BT549_BREAST___OE_CCND1___120.0___hours___nan___nan___1.0
SRR16234027	SRR16234027_1	PRJNA769402___BT549_BREAST___OE_CCND1___120.0___hours___nan___nan___1.0
SRR16234028	SRR16234028_1	PRJNA769402___BT549_BREAST___OE_CCND1___120.0___hours___nan___nan___1.0
SRR16234025	SRR16234025_1	PRJNA769402___BT549_BREAST___OE_CCND1___120.0___hours___nan___nan___1.0
SRR16234026	SRR16234026_1	PRJNA769402___BT549_BREAST___OE_CCND1___120.0___hours___nan___nan___1.0
SRR16234422	SRR16234422_1	PRJNA769402___BT549_BREAST___OE_CCND1___120.0___hours___nan___nan___2.0
SRR16234423	SRR16234423_1	PRJNA769402___BT549_BREAST___OE_CCND1___120.0___hours___nan___nan___2.0
SRR16234421	SRR16234421_1	PRJNA769402___BT549_BREAST___OE_CCND1___120.0___hours___nan___nan___2.0
SRR16234420	SRR16234420_1	PRJNA769402___BT549_BREAST___OE_CCND1___120.0___hours___nan___nan___2.0
SRR16234427	SRR16234427_1	PRJNA769402___BT549_BREAST___OE_CCND1___120.0___hours___nan___nan___2.0
SRR16234424	SRR16234424_1	PRJNA769402___BT549_BREAST___OE_CCND1___120.0___hours___nan___nan___2.0
SRR16234426	SRR16234426_1	PRJNA769402___BT549_BREAST___OE_CCND1___120.0___hours___nan___nan___2.0
SRR16234425	SRR16234425_1	PRJNA769402___BT549_BREAST___OE_CCND1___120.0___hours___nan___nan___2.0
SRR16233951	SRR16233951_1	PRJNA769402___BT549_BREAST___OE_CCND1___48.0___hours___nan___nan___1.0
SRR16233949	SRR16233949_1	PRJNA769402___BT549_BREAST___OE_CCND1___48.0___hours___nan___nan___1.0
SRR16233950	SRR16233950_1	PRJNA769402___BT549_BREAST___OE_CCND1___48.0___hours___nan___nan___1.0
SRR16233953	SRR16233953_1	PRJNA769402___BT549_BREAST___OE_CCND1___48.0___hours___nan___nan___1.0
SRR16233952	SRR16233952_1	PRJNA769402___BT549_BREAST___OE_CCND1___48.0___hours___nan___nan___1.0
SRR16233956	SRR16233956_1	PRJNA769402___BT549_BREAST___OE_CCND1___48.0___hours___nan___nan___1.0
SRR16233955	SRR16233955_1	PRJNA769402___BT549_BREAST___OE_CCND1___48.0___hours___nan___nan___1.0
SRR16233954	SRR16233954_1	PRJNA769402___BT549_BREAST___OE_CCND1___48.0___hours___nan___nan___1.0
SRR16234231	SRR16234231_1	PRJNA769402___BT549_BREAST___OE_CCND1___48.0___hours___nan___nan___2.0
SRR16234230	SRR16234230_1	PRJNA769402___BT549_BREAST___OE_CCND1___48.0___hours___nan___nan___2.0
SRR16234228	SRR16234228_1	PRJNA769402___BT549_BREAST___OE_CCND1___48.0___hours___nan___nan___2.0
SRR16234229	SRR16234229_1	PRJNA769402___BT549_BREAST___OE_CCND1___48.0___hours___nan___nan___2.0
SRR16234235	SRR16234235_1	PRJNA769402___BT549_BREAST___OE_CCND1___48.0___hours___nan___nan___2.0
SRR16234233	SRR16234233_1	PRJNA769402___BT549_BREAST___OE_CCND1___48.0___hours___nan___nan___2.0
SRR16234234	SRR16234234_1	PRJNA769402___BT549_BREAST___OE_CCND1___48.0___hours___nan___nan___2.0
SRR16234232	SRR16234232_1	PRJNA769402___BT549_BREAST___OE_CCND1___48.0___hours___nan___nan___2.0
SRR16234015	SRR16234015_1	PRJNA769402___BT549_BREAST___PLASMID_OE_CCND1___120.0___hours___nan___nan___1.0
SRR16234014	SRR16234014_1	PRJNA769402___BT549_BREAST___PLASMID_OE_CCND1___120.0___hours___nan___nan___1.0
SRR16234020	SRR16234020_1	PRJNA769402___BT549_BREAST___PLASMID_OE_CCND1___120.0___hours___nan___nan___1.0
SRR16234013	SRR16234013_1	PRJNA769402___BT549_BREAST___PLASMID_OE_CCND1___120.0___hours___nan___nan___1.0
SRR16234016	SRR16234016_1	PRJNA769402___BT549_BREAST___PLASMID_OE_CCND1___120.0___hours___nan___nan___1.0
SRR16234017	SRR16234017_1	PRJNA769402___BT549_BREAST___PLASMID_OE_CCND1___120.0___hours___nan___nan___1.0
SRR16234018	SRR16234018_1	PRJNA769402___BT549_BREAST___PLASMID_OE_CCND1___120.0___hours___nan___nan___1.0
SRR16234019	SRR16234019_1	PRJNA769402___BT549_BREAST___PLASMID_OE_CCND1___120.0___hours___nan___nan___1.0
SRR16234415	SRR16234415_1	PRJNA769402___BT549_BREAST___PLASMID_OE_CCND1___120.0___hours___nan___nan___2.0
SRR16234414	SRR16234414_1	PRJNA769402___BT549_BREAST___PLASMID_OE_CCND1___120.0___hours___nan___nan___2.0
SRR16234412	SRR16234412_1	PRJNA769402___BT549_BREAST___PLASMID_OE_CCND1___120.0___hours___nan___nan___2.0
SRR16234413	SRR16234413_1	PRJNA769402___BT549_BREAST___PLASMID_OE_CCND1___120.0___hours___nan___nan___2.0
SRR16234418	SRR16234418_1	PRJNA769402___BT549_BREAST___PLASMID_OE_CCND1___120.0___hours___nan___nan___2.0
SRR16234417	SRR16234417_1	PRJNA769402___BT549_BREAST___PLASMID_OE_CCND1___120.0___hours___nan___nan___2.0
SRR16234419	SRR16234419_1	PRJNA769402___BT549_BREAST___PLASMID_OE_CCND1___120.0___hours___nan___nan___2.0
SRR16234416	SRR16234416_1	PRJNA769402___BT549_BREAST___PLASMID_OE_CCND1___120.0___hours___nan___nan___2.0
SRR16233943	SRR16233943_1	PRJNA769402___BT549_BREAST___PLASMID_OE_CCND1___48.0___hours___nan___nan___1.0
SRR16233942	SRR16233942_1	PRJNA769402___BT549_BREAST___PLASMID_OE_CCND1___48.0___hours___nan___nan___1.0
SRR16233948	SRR16233948_1	PRJNA769402___BT549_BREAST___PLASMID_OE_CCND1___48.0___hours___nan___nan___1.0
SRR16233941	SRR16233941_1	PRJNA769402___BT549_BREAST___PLASMID_OE_CCND1___48.0___hours___nan___nan___1.0
SRR16233944	SRR16233944_1	PRJNA769402___BT549_BREAST___PLASMID_OE_CCND1___48.0___hours___nan___nan___1.0
SRR16233945	SRR16233945_1	PRJNA769402___BT549_BREAST___PLASMID_OE_CCND1___48.0___hours___nan___nan___1.0
SRR16233946	SRR16233946_1	PRJNA769402___BT549_BREAST___PLASMID_OE_CCND1___48.0___hours___nan___nan___1.0
SRR16233947	SRR16233947_1	PRJNA769402___BT549_BREAST___PLASMID_OE_CCND1___48.0___hours___nan___nan___1.0
SRR16234222	SRR16234222_1	PRJNA769402___BT549_BREAST___PLASMID_OE_CCND1___48.0___hours___nan___nan___2.0
SRR16234227	SRR16234227_1	PRJNA769402___BT549_BREAST___PLASMID_OE_CCND1___48.0___hours___nan___nan___2.0
SRR16234221	SRR16234221_1	PRJNA769402___BT549_BREAST___PLASMID_OE_CCND1___48.0___hours___nan___nan___2.0
SRR16234220	SRR16234220_1	PRJNA769402___BT549_BREAST___PLASMID_OE_CCND1___48.0___hours___nan___nan___2.0
SRR16234224	SRR16234224_1	PRJNA769402___BT549_BREAST___PLASMID_OE_CCND1___48.0___hours___nan___nan___2.0
SRR16234223	SRR16234223_1	PRJNA769402___BT549_BREAST___PLASMID_OE_CCND1___48.0___hours___nan___nan___2.0
SRR16234226	SRR16234226_1	PRJNA769402___BT549_BREAST___PLASMID_OE_CCND1___48.0___hours___nan___nan___2.0
SRR16234225	SRR16234225_1	PRJNA769402___BT549_BREAST___PLASMID_OE_CCND1___48.0___hours___nan___nan___2.0
SRR16233992	SRR16233992_1	PRJNA769402___BT549_BREAST___DOXYCYCLINE___120.0___hours___nan___nan___1.0
SRR16233991	SRR16233991_1	PRJNA769402___BT549_BREAST___DOXYCYCLINE___120.0___hours___nan___nan___1.0
SRR16233989	SRR16233989_1	PRJNA769402___BT549_BREAST___DOXYCYCLINE___120.0___hours___nan___nan___1.0
SRR16233990	SRR16233990_1	PRJNA769402___BT549_BREAST___DOXYCYCLINE___120.0___hours___nan___nan___1.0
SRR16233995	SRR16233995_1	PRJNA769402___BT549_BREAST___DOXYCYCLINE___120.0___hours___nan___nan___1.0
SRR16233993	SRR16233993_1	PRJNA769402___BT549_BREAST___DOXYCYCLINE___120.0___hours___nan___nan___1.0
SRR16233996	SRR16233996_1	PRJNA769402___BT549_BREAST___DOXYCYCLINE___120.0___hours___nan___nan___1.0
SRR16233994	SRR16233994_1	PRJNA769402___BT549_BREAST___DOXYCYCLINE___120.0___hours___nan___nan___1.0
SRR16234391	SRR16234391_1	PRJNA769402___BT549_BREAST___DOXYCYCLINE___120.0___hours___nan___nan___2.0
SRR16234390	SRR16234390_1	PRJNA769402___BT549_BREAST___DOXYCYCLINE___120.0___hours___nan___nan___2.0
SRR16234268	SRR16234268_1	PRJNA769402___BT549_BREAST___DOXYCYCLINE___120.0___hours___nan___nan___2.0
SRR16234269	SRR16234269_1	PRJNA769402___BT549_BREAST___DOXYCYCLINE___120.0___hours___nan___nan___2.0
SRR16234394	SRR16234394_1	PRJNA769402___BT549_BREAST___DOXYCYCLINE___120.0___hours___nan___nan___2.0
SRR16234392	SRR16234392_1	PRJNA769402___BT549_BREAST___DOXYCYCLINE___120.0___hours___nan___nan___2.0
SRR16234395	SRR16234395_1	PRJNA769402___BT549_BREAST___DOXYCYCLINE___120.0___hours___nan___nan___2.0
SRR16234393	SRR16234393_1	PRJNA769402___BT549_BREAST___DOXYCYCLINE___120.0___hours___nan___nan___2.0
SRR16233920	SRR16233920_1	PRJNA769402___BT549_BREAST___DOXYCYCLINE___48.0___hours___nan___nan___1.0
SRR16233917	SRR16233917_1	PRJNA769402___BT549_BREAST___DOXYCYCLINE___48.0___hours___nan___nan___1.0
SRR16233919	SRR16233919_1	PRJNA769402___BT549_BREAST___DOXYCYCLINE___48.0___hours___nan___nan___1.0
SRR16233918	SRR16233918_1	PRJNA769402___BT549_BREAST___DOXYCYCLINE___48.0___hours___nan___nan___1.0
SRR16233923	SRR16233923_1	PRJNA769402___BT549_BREAST___DOXYCYCLINE___48.0___hours___nan___nan___1.0
SRR16233924	SRR16233924_1	PRJNA769402___BT549_BREAST___DOXYCYCLINE___48.0___hours___nan___nan___1.0
SRR16233921	SRR16233921_1	PRJNA769402___BT549_BREAST___DOXYCYCLINE___48.0___hours___nan___nan___1.0
SRR16233922	SRR16233922_1	PRJNA769402___BT549_BREAST___DOXYCYCLINE___48.0___hours___nan___nan___1.0
SRR16234199	SRR16234199_1	PRJNA769402___BT549_BREAST___DOXYCYCLINE___48.0___hours___nan___nan___2.0
SRR16234198	SRR16234198_1	PRJNA769402___BT549_BREAST___DOXYCYCLINE___48.0___hours___nan___nan___2.0
SRR16234196	SRR16234196_1	PRJNA769402___BT549_BREAST___DOXYCYCLINE___48.0___hours___nan___nan___2.0
SRR16234197	SRR16234197_1	PRJNA769402___BT549_BREAST___DOXYCYCLINE___48.0___hours___nan___nan___2.0
SRR16234202	SRR16234202_1	PRJNA769402___BT549_BREAST___DOXYCYCLINE___48.0___hours___nan___nan___2.0
SRR16234203	SRR16234203_1	PRJNA769402___BT549_BREAST___DOXYCYCLINE___48.0___hours___nan___nan___2.0
SRR16234200	SRR16234200_1	PRJNA769402___BT549_BREAST___DOXYCYCLINE___48.0___hours___nan___nan___2.0
SRR16234201	SRR16234201_1	PRJNA769402___BT549_BREAST___DOXYCYCLINE___48.0___hours___nan___nan___2.0
SRR16233976	SRR16233976_1	PRJNA769402___BT549_BREAST___HYDROXYUREA___120.0___hours___nan___nan___1.0
SRR16233975	SRR16233975_1	PRJNA769402___BT549_BREAST___HYDROXYUREA___120.0___hours___nan___nan___1.0
SRR16233973	SRR16233973_1	PRJNA769402___BT549_BREAST___HYDROXYUREA___120.0___hours___nan___nan___1.0
SRR16233974	SRR16233974_1	PRJNA769402___BT549_BREAST___HYDROXYUREA___120.0___hours___nan___nan___1.0
SRR16233979	SRR16233979_1	PRJNA769402___BT549_BREAST___HYDROXYUREA___120.0___hours___nan___nan___1.0
SRR16233977	SRR16233977_1	PRJNA769402___BT549_BREAST___HYDROXYUREA___120.0___hours___nan___nan___1.0
SRR16233980	SRR16233980_1	PRJNA769402___BT549_BREAST___HYDROXYUREA___120.0___hours___nan___nan___1.0
SRR16233978	SRR16233978_1	PRJNA769402___BT549_BREAST___HYDROXYUREA___120.0___hours___nan___nan___1.0
SRR16234254	SRR16234254_1	PRJNA769402___BT549_BREAST___HYDROXYUREA___120.0___hours___nan___nan___2.0
SRR16234253	SRR16234253_1	PRJNA769402___BT549_BREAST___HYDROXYUREA___120.0___hours___nan___nan___2.0
SRR16234259	SRR16234259_1	PRJNA769402___BT549_BREAST___HYDROXYUREA___120.0___hours___nan___nan___2.0
SRR16234252	SRR16234252_1	PRJNA769402___BT549_BREAST___HYDROXYUREA___120.0___hours___nan___nan___2.0
SRR16234255	SRR16234255_1	PRJNA769402___BT549_BREAST___HYDROXYUREA___120.0___hours___nan___nan___2.0
SRR16234256	SRR16234256_1	PRJNA769402___BT549_BREAST___HYDROXYUREA___120.0___hours___nan___nan___2.0
SRR16234258	SRR16234258_1	PRJNA769402___BT549_BREAST___HYDROXYUREA___120.0___hours___nan___nan___2.0
SRR16234257	SRR16234257_1	PRJNA769402___BT549_BREAST___HYDROXYUREA___120.0___hours___nan___nan___2.0
SRR16233664	SRR16233664_1	PRJNA769402___BT549_BREAST___HYDROXYUREA___48.0___hours___nan___nan___1.0
SRR16233663	SRR16233663_1	PRJNA769402___BT549_BREAST___HYDROXYUREA___48.0___hours___nan___nan___1.0
SRR16233667	SRR16233667_1	PRJNA769402___BT549_BREAST___HYDROXYUREA___48.0___hours___nan___nan___1.0
SRR16233668	SRR16233668_1	PRJNA769402___BT549_BREAST___HYDROXYUREA___48.0___hours___nan___nan___1.0
SRR16233661	SRR16233661_1	PRJNA769402___BT549_BREAST___HYDROXYUREA___48.0___hours___nan___nan___1.0
SRR16233666	SRR16233666_1	PRJNA769402___BT549_BREAST___HYDROXYUREA___48.0___hours___nan___nan___1.0
SRR16233662	SRR16233662_1	PRJNA769402___BT549_BREAST___HYDROXYUREA___48.0___hours___nan___nan___1.0
SRR16233665	SRR16233665_1	PRJNA769402___BT549_BREAST___HYDROXYUREA___48.0___hours___nan___nan___1.0
SRR16234182	SRR16234182_1	PRJNA769402___BT549_BREAST___HYDROXYUREA___48.0___hours___nan___nan___2.0
SRR16234181	SRR16234181_1	PRJNA769402___BT549_BREAST___HYDROXYUREA___48.0___hours___nan___nan___2.0
SRR16234187	SRR16234187_1	PRJNA769402___BT549_BREAST___HYDROXYUREA___48.0___hours___nan___nan___2.0
SRR16234184	SRR16234184_1	PRJNA769402___BT549_BREAST___HYDROXYUREA___48.0___hours___nan___nan___2.0
SRR16234180	SRR16234180_1	PRJNA769402___BT549_BREAST___HYDROXYUREA___48.0___hours___nan___nan___2.0
SRR16234186	SRR16234186_1	PRJNA769402___BT549_BREAST___HYDROXYUREA___48.0___hours___nan___nan___2.0
SRR16234183	SRR16234183_1	PRJNA769402___BT549_BREAST___HYDROXYUREA___48.0___hours___nan___nan___2.0
SRR16234185	SRR16234185_1	PRJNA769402___BT549_BREAST___HYDROXYUREA___48.0___hours___nan___nan___2.0
SRR16233984	SRR16233984_1	PRJNA769402___BT549_BREAST___PLASMID_EMPTY___120.0___hours___nan___nan___1.0
SRR16233983	SRR16233983_1	PRJNA769402___BT549_BREAST___PLASMID_EMPTY___120.0___hours___nan___nan___1.0
SRR16233981	SRR16233981_1	PRJNA769402___BT549_BREAST___PLASMID_EMPTY___120.0___hours___nan___nan___1.0
SRR16233982	SRR16233982_1	PRJNA769402___BT549_BREAST___PLASMID_EMPTY___120.0___hours___nan___nan___1.0
SRR16233987	SRR16233987_1	PRJNA769402___BT549_BREAST___PLASMID_EMPTY___120.0___hours___nan___nan___1.0
SRR16233988	SRR16233988_1	PRJNA769402___BT549_BREAST___PLASMID_EMPTY___120.0___hours___nan___nan___1.0
SRR16233985	SRR16233985_1	PRJNA769402___BT549_BREAST___PLASMID_EMPTY___120.0___hours___nan___nan___1.0
SRR16233986	SRR16233986_1	PRJNA769402___BT549_BREAST___PLASMID_EMPTY___120.0___hours___nan___nan___1.0
SRR16234262	SRR16234262_1	PRJNA769402___BT549_BREAST___PLASMID_EMPTY___120.0___hours___nan___nan___2.0
SRR16234261	SRR16234261_1	PRJNA769402___BT549_BREAST___PLASMID_EMPTY___120.0___hours___nan___nan___2.0
SRR16234260	SRR16234260_1	PRJNA769402___BT549_BREAST___PLASMID_EMPTY___120.0___hours___nan___nan___2.0
SRR16234267	SRR16234267_1	PRJNA769402___BT549_BREAST___PLASMID_EMPTY___120.0___hours___nan___nan___2.0
SRR16234263	SRR16234263_1	PRJNA769402___BT549_BREAST___PLASMID_EMPTY___120.0___hours___nan___nan___2.0
SRR16234264	SRR16234264_1	PRJNA769402___BT549_BREAST___PLASMID_EMPTY___120.0___hours___nan___nan___2.0
SRR16234266	SRR16234266_1	PRJNA769402___BT549_BREAST___PLASMID_EMPTY___120.0___hours___nan___nan___2.0
SRR16234265	SRR16234265_1	PRJNA769402___BT549_BREAST___PLASMID_EMPTY___120.0___hours___nan___nan___2.0
SRR16233912	SRR16233912_1	PRJNA769402___BT549_BREAST___PLASMID_EMPTY___48.0___hours___nan___nan___1.0
SRR16233911	SRR16233911_1	PRJNA769402___BT549_BREAST___PLASMID_EMPTY___48.0___hours___nan___nan___1.0
SRR16233669	SRR16233669_1	PRJNA769402___BT549_BREAST___PLASMID_EMPTY___48.0___hours___nan___nan___1.0
SRR16233910	SRR16233910_1	PRJNA769402___BT549_BREAST___PLASMID_EMPTY___48.0___hours___nan___nan___1.0
SRR16233915	SRR16233915_1	PRJNA769402___BT549_BREAST___PLASMID_EMPTY___48.0___hours___nan___nan___1.0
SRR16233916	SRR16233916_1	PRJNA769402___BT549_BREAST___PLASMID_EMPTY___48.0___hours___nan___nan___1.0
SRR16233913	SRR16233913_1	PRJNA769402___BT549_BREAST___PLASMID_EMPTY___48.0___hours___nan___nan___1.0
SRR16233914	SRR16233914_1	PRJNA769402___BT549_BREAST___PLASMID_EMPTY___48.0___hours___nan___nan___1.0
SRR16234190	SRR16234190_1	PRJNA769402___BT549_BREAST___PLASMID_EMPTY___48.0___hours___nan___nan___2.0
SRR16234189	SRR16234189_1	PRJNA769402___BT549_BREAST___PLASMID_EMPTY___48.0___hours___nan___nan___2.0
SRR16234188	SRR16234188_1	PRJNA769402___BT549_BREAST___PLASMID_EMPTY___48.0___hours___nan___nan___2.0
SRR16234191	SRR16234191_1	PRJNA769402___BT549_BREAST___PLASMID_EMPTY___48.0___hours___nan___nan___2.0
SRR16234195	SRR16234195_1	PRJNA769402___BT549_BREAST___PLASMID_EMPTY___48.0___hours___nan___nan___2.0
SRR16234192	SRR16234192_1	PRJNA769402___BT549_BREAST___PLASMID_EMPTY___48.0___hours___nan___nan___2.0
SRR16234194	SRR16234194_1	PRJNA769402___BT549_BREAST___PLASMID_EMPTY___48.0___hours___nan___nan___2.0
SRR16234193	SRR16234193_1	PRJNA769402___BT549_BREAST___PLASMID_EMPTY___48.0___hours___nan___nan___2.0
SRR16234174	SRR16234174_1	PRJNA769402___BT549_BREAST___OE_MYC___120.0___hours___nan___nan___1.0
SRR16234179	SRR16234179_1	PRJNA769402___BT549_BREAST___OE_MYC___120.0___hours___nan___nan___1.0
SRR16234173	SRR16234173_1	PRJNA769402___BT549_BREAST___OE_MYC___120.0___hours___nan___nan___1.0
SRR16234172	SRR16234172_1	PRJNA769402___BT549_BREAST___OE_MYC___120.0___hours___nan___nan___1.0
SRR16234176	SRR16234176_1	PRJNA769402___BT549_BREAST___OE_MYC___120.0___hours___nan___nan___1.0
SRR16234175	SRR16234175_1	PRJNA769402___BT549_BREAST___OE_MYC___120.0___hours___nan___nan___1.0
SRR16234178	SRR16234178_1	PRJNA769402___BT549_BREAST___OE_MYC___120.0___hours___nan___nan___1.0
SRR16234177	SRR16234177_1	PRJNA769402___BT549_BREAST___OE_MYC___120.0___hours___nan___nan___1.0
SRR16234438	SRR16234438_1	PRJNA769402___BT549_BREAST___OE_MYC___120.0___hours___nan___nan___2.0
SRR16234437	SRR16234437_1	PRJNA769402___BT549_BREAST___OE_MYC___120.0___hours___nan___nan___2.0
SRR16234436	SRR16234436_1	PRJNA769402___BT549_BREAST___OE_MYC___120.0___hours___nan___nan___2.0
SRR16234439	SRR16234439_1	PRJNA769402___BT549_BREAST___OE_MYC___120.0___hours___nan___nan___2.0
SRR16234443	SRR16234443_1	PRJNA769402___BT549_BREAST___OE_MYC___120.0___hours___nan___nan___2.0
SRR16234440	SRR16234440_1	PRJNA769402___BT549_BREAST___OE_MYC___120.0___hours___nan___nan___2.0
SRR16234442	SRR16234442_1	PRJNA769402___BT549_BREAST___OE_MYC___120.0___hours___nan___nan___2.0
SRR16234441	SRR16234441_1	PRJNA769402___BT549_BREAST___OE_MYC___120.0___hours___nan___nan___2.0
SRR16233967	SRR16233967_1	PRJNA769402___BT549_BREAST___OE_MYC___48.0___hours___nan___nan___1.0
SRR16233966	SRR16233966_1	PRJNA769402___BT549_BREAST___OE_MYC___48.0___hours___nan___nan___1.0
SRR16233965	SRR16233965_1	PRJNA769402___BT549_BREAST___OE_MYC___48.0___hours___nan___nan___1.0
SRR16233972	SRR16233972_1	PRJNA769402___BT549_BREAST___OE_MYC___48.0___hours___nan___nan___1.0
SRR16233968	SRR16233968_1	PRJNA769402___BT549_BREAST___OE_MYC___48.0___hours___nan___nan___1.0
SRR16233969	SRR16233969_1	PRJNA769402___BT549_BREAST___OE_MYC___48.0___hours___nan___nan___1.0
SRR16233970	SRR16233970_1	PRJNA769402___BT549_BREAST___OE_MYC___48.0___hours___nan___nan___1.0
SRR16233971	SRR16233971_1	PRJNA769402___BT549_BREAST___OE_MYC___48.0___hours___nan___nan___1.0
SRR16234246	SRR16234246_1	PRJNA769402___BT549_BREAST___OE_MYC___48.0___hours___nan___nan___2.0
SRR16234245	SRR16234245_1	PRJNA769402___BT549_BREAST___OE_MYC___48.0___hours___nan___nan___2.0
SRR16234251	SRR16234251_1	PRJNA769402___BT549_BREAST___OE_MYC___48.0___hours___nan___nan___2.0
SRR16234244	SRR16234244_1	PRJNA769402___BT549_BREAST___OE_MYC___48.0___hours___nan___nan___2.0
SRR16234248	SRR16234248_1	PRJNA769402___BT549_BREAST___OE_MYC___48.0___hours___nan___nan___2.0
SRR16234247	SRR16234247_1	PRJNA769402___BT549_BREAST___OE_MYC___48.0___hours___nan___nan___2.0
SRR16234250	SRR16234250_1	PRJNA769402___BT549_BREAST___OE_MYC___48.0___hours___nan___nan___2.0
SRR16234249	SRR16234249_1	PRJNA769402___BT549_BREAST___OE_MYC___48.0___hours___nan___nan___2.0
SRR16234167	SRR16234167_1	PRJNA769402___BT549_BREAST___PLASMID_OE_MYC___120.0___hours___nan___nan___1.0
SRR16234166	SRR16234166_1	PRJNA769402___BT549_BREAST___PLASMID_OE_MYC___120.0___hours___nan___nan___1.0
SRR16234029	SRR16234029_1	PRJNA769402___BT549_BREAST___PLASMID_OE_MYC___120.0___hours___nan___nan___1.0
SRR16234165	SRR16234165_1	PRJNA769402___BT549_BREAST___PLASMID_OE_MYC___120.0___hours___nan___nan___1.0
SRR16234170	SRR16234170_1	PRJNA769402___BT549_BREAST___PLASMID_OE_MYC___120.0___hours___nan___nan___1.0
SRR16234171	SRR16234171_1	PRJNA769402___BT549_BREAST___PLASMID_OE_MYC___120.0___hours___nan___nan___1.0
SRR16234169	SRR16234169_1	PRJNA769402___BT549_BREAST___PLASMID_OE_MYC___120.0___hours___nan___nan___1.0
SRR16234168	SRR16234168_1	PRJNA769402___BT549_BREAST___PLASMID_OE_MYC___120.0___hours___nan___nan___1.0
SRR16234430	SRR16234430_1	PRJNA769402___BT549_BREAST___PLASMID_OE_MYC___120.0___hours___nan___nan___2.0
SRR16234435	SRR16234435_1	PRJNA769402___BT549_BREAST___PLASMID_OE_MYC___120.0___hours___nan___nan___2.0
SRR16234429	SRR16234429_1	PRJNA769402___BT549_BREAST___PLASMID_OE_MYC___120.0___hours___nan___nan___2.0
SRR16234428	SRR16234428_1	PRJNA769402___BT549_BREAST___PLASMID_OE_MYC___120.0___hours___nan___nan___2.0
SRR16234432	SRR16234432_1	PRJNA769402___BT549_BREAST___PLASMID_OE_MYC___120.0___hours___nan___nan___2.0
SRR16234431	SRR16234431_1	PRJNA769402___BT549_BREAST___PLASMID_OE_MYC___120.0___hours___nan___nan___2.0
SRR16234434	SRR16234434_1	PRJNA769402___BT549_BREAST___PLASMID_OE_MYC___120.0___hours___nan___nan___2.0
SRR16234433	SRR16234433_1	PRJNA769402___BT549_BREAST___PLASMID_OE_MYC___120.0___hours___nan___nan___2.0
SRR16233960	SRR16233960_1	PRJNA769402___BT549_BREAST___PLASMID_OE_MYC___48.0___hours___nan___nan___1.0
SRR16233959	SRR16233959_1	PRJNA769402___BT549_BREAST___PLASMID_OE_MYC___48.0___hours___nan___nan___1.0
SRR16233957	SRR16233957_1	PRJNA769402___BT549_BREAST___PLASMID_OE_MYC___48.0___hours___nan___nan___1.0
SRR16233958	SRR16233958_1	PRJNA769402___BT549_BREAST___PLASMID_OE_MYC___48.0___hours___nan___nan___1.0
SRR16233963	SRR16233963_1	PRJNA769402___BT549_BREAST___PLASMID_OE_MYC___48.0___hours___nan___nan___1.0
SRR16233964	SRR16233964_1	PRJNA769402___BT549_BREAST___PLASMID_OE_MYC___48.0___hours___nan___nan___1.0
SRR16233962	SRR16233962_1	PRJNA769402___BT549_BREAST___PLASMID_OE_MYC___48.0___hours___nan___nan___1.0
SRR16233961	SRR16233961_1	PRJNA769402___BT549_BREAST___PLASMID_OE_MYC___48.0___hours___nan___nan___1.0
SRR16234239	SRR16234239_1	PRJNA769402___BT549_BREAST___PLASMID_OE_MYC___48.0___hours___nan___nan___2.0
SRR16234238	SRR16234238_1	PRJNA769402___BT549_BREAST___PLASMID_OE_MYC___48.0___hours___nan___nan___2.0
SRR16234236	SRR16234236_1	PRJNA769402___BT549_BREAST___PLASMID_OE_MYC___48.0___hours___nan___nan___2.0
SRR16234237	SRR16234237_1	PRJNA769402___BT549_BREAST___PLASMID_OE_MYC___48.0___hours___nan___nan___2.0
SRR16234242	SRR16234242_1	PRJNA769402___BT549_BREAST___PLASMID_OE_MYC___48.0___hours___nan___nan___2.0
SRR16234243	SRR16234243_1	PRJNA769402___BT549_BREAST___PLASMID_OE_MYC___48.0___hours___nan___nan___2.0
SRR16234240	SRR16234240_1	PRJNA769402___BT549_BREAST___PLASMID_OE_MYC___48.0___hours___nan___nan___2.0
SRR16234241	SRR16234241_1	PRJNA769402___BT549_BREAST___PLASMID_OE_MYC___48.0___hours___nan___nan___2.0
SRR16234551	SRR16234551_1	PRJNA769402___HCC1806_BREAST___OE_CDC25A___120.0___hours___nan___nan___1.0
SRR16234550	SRR16234550_1	PRJNA769402___HCC1806_BREAST___OE_CDC25A___120.0___hours___nan___nan___1.0
SRR16234548	SRR16234548_1	PRJNA769402___HCC1806_BREAST___OE_CDC25A___120.0___hours___nan___nan___1.0
SRR16234549	SRR16234549_1	PRJNA769402___HCC1806_BREAST___OE_CDC25A___120.0___hours___nan___nan___1.0
SRR16234554	SRR16234554_1	PRJNA769402___HCC1806_BREAST___OE_CDC25A___120.0___hours___nan___nan___1.0
SRR16234552	SRR16234552_1	PRJNA769402___HCC1806_BREAST___OE_CDC25A___120.0___hours___nan___nan___1.0
SRR16234555	SRR16234555_1	PRJNA769402___HCC1806_BREAST___OE_CDC25A___120.0___hours___nan___nan___1.0
SRR16234553	SRR16234553_1	PRJNA769402___HCC1806_BREAST___OE_CDC25A___120.0___hours___nan___nan___1.0
SRR16234814	SRR16234814_1	PRJNA769402___HCC1806_BREAST___OE_CDC25A___120.0___hours___nan___nan___2.0
SRR16234813	SRR16234813_1	PRJNA769402___HCC1806_BREAST___OE_CDC25A___120.0___hours___nan___nan___2.0
SRR16234819	SRR16234819_1	PRJNA769402___HCC1806_BREAST___OE_CDC25A___120.0___hours___nan___nan___2.0
SRR16234815	SRR16234815_1	PRJNA769402___HCC1806_BREAST___OE_CDC25A___120.0___hours___nan___nan___2.0
SRR16234812	SRR16234812_1	PRJNA769402___HCC1806_BREAST___OE_CDC25A___120.0___hours___nan___nan___2.0
SRR16234816	SRR16234816_1	PRJNA769402___HCC1806_BREAST___OE_CDC25A___120.0___hours___nan___nan___2.0
SRR16234818	SRR16234818_1	PRJNA769402___HCC1806_BREAST___OE_CDC25A___120.0___hours___nan___nan___2.0
SRR16234817	SRR16234817_1	PRJNA769402___HCC1806_BREAST___OE_CDC25A___120.0___hours___nan___nan___2.0
SRR16234478	SRR16234478_1	PRJNA769402___HCC1806_BREAST___OE_CDC25A___48.0___hours___nan___nan___1.0
SRR16234477	SRR16234477_1	PRJNA769402___HCC1806_BREAST___OE_CDC25A___48.0___hours___nan___nan___1.0
SRR16234476	SRR16234476_1	PRJNA769402___HCC1806_BREAST___OE_CDC25A___48.0___hours___nan___nan___1.0
SRR16234479	SRR16234479_1	PRJNA769402___HCC1806_BREAST___OE_CDC25A___48.0___hours___nan___nan___1.0
SRR16234483	SRR16234483_1	PRJNA769402___HCC1806_BREAST___OE_CDC25A___48.0___hours___nan___nan___1.0
SRR16234480	SRR16234480_1	PRJNA769402___HCC1806_BREAST___OE_CDC25A___48.0___hours___nan___nan___1.0
SRR16234482	SRR16234482_1	PRJNA769402___HCC1806_BREAST___OE_CDC25A___48.0___hours___nan___nan___1.0
SRR16234481	SRR16234481_1	PRJNA769402___HCC1806_BREAST___OE_CDC25A___48.0___hours___nan___nan___1.0
SRR16234622	SRR16234622_1	PRJNA769402___HCC1806_BREAST___OE_CDC25A___48.0___hours___nan___nan___2.0
SRR16234620	SRR16234620_1	PRJNA769402___HCC1806_BREAST___OE_CDC25A___48.0___hours___nan___nan___2.0
SRR16234621	SRR16234621_1	PRJNA769402___HCC1806_BREAST___OE_CDC25A___48.0___hours___nan___nan___2.0
SRR16234627	SRR16234627_1	PRJNA769402___HCC1806_BREAST___OE_CDC25A___48.0___hours___nan___nan___2.0
SRR16234623	SRR16234623_1	PRJNA769402___HCC1806_BREAST___OE_CDC25A___48.0___hours___nan___nan___2.0
SRR16234624	SRR16234624_1	PRJNA769402___HCC1806_BREAST___OE_CDC25A___48.0___hours___nan___nan___2.0
SRR16234626	SRR16234626_1	PRJNA769402___HCC1806_BREAST___OE_CDC25A___48.0___hours___nan___nan___2.0
SRR16234625	SRR16234625_1	PRJNA769402___HCC1806_BREAST___OE_CDC25A___48.0___hours___nan___nan___2.0
SRR16234542	SRR16234542_1	PRJNA769402___HCC1806_BREAST___PLASMID_OE_CDC25A___120.0___hours___nan___nan___1.0
SRR16234541	SRR16234541_1	PRJNA769402___HCC1806_BREAST___PLASMID_OE_CDC25A___120.0___hours___nan___nan___1.0
SRR16234547	SRR16234547_1	PRJNA769402___HCC1806_BREAST___PLASMID_OE_CDC25A___120.0___hours___nan___nan___1.0
SRR16234540	SRR16234540_1	PRJNA769402___HCC1806_BREAST___PLASMID_OE_CDC25A___120.0___hours___nan___nan___1.0
SRR16234543	SRR16234543_1	PRJNA769402___HCC1806_BREAST___PLASMID_OE_CDC25A___120.0___hours___nan___nan___1.0
SRR16234544	SRR16234544_1	PRJNA769402___HCC1806_BREAST___PLASMID_OE_CDC25A___120.0___hours___nan___nan___1.0
SRR16234546	SRR16234546_1	PRJNA769402___HCC1806_BREAST___PLASMID_OE_CDC25A___120.0___hours___nan___nan___1.0
SRR16234545	SRR16234545_1	PRJNA769402___HCC1806_BREAST___PLASMID_OE_CDC25A___120.0___hours___nan___nan___1.0
SRR16234807	SRR16234807_1	PRJNA769402___HCC1806_BREAST___PLASMID_OE_CDC25A___120.0___hours___nan___nan___2.0
SRR16234804	SRR16234804_1	PRJNA769402___HCC1806_BREAST___PLASMID_OE_CDC25A___120.0___hours___nan___nan___2.0
SRR16234806	SRR16234806_1	PRJNA769402___HCC1806_BREAST___PLASMID_OE_CDC25A___120.0___hours___nan___nan___2.0
SRR16234805	SRR16234805_1	PRJNA769402___HCC1806_BREAST___PLASMID_OE_CDC25A___120.0___hours___nan___nan___2.0
SRR16234810	SRR16234810_1	PRJNA769402___HCC1806_BREAST___PLASMID_OE_CDC25A___120.0___hours___nan___nan___2.0
SRR16234808	SRR16234808_1	PRJNA769402___HCC1806_BREAST___PLASMID_OE_CDC25A___120.0___hours___nan___nan___2.0
SRR16234811	SRR16234811_1	PRJNA769402___HCC1806_BREAST___PLASMID_OE_CDC25A___120.0___hours___nan___nan___2.0
SRR16234809	SRR16234809_1	PRJNA769402___HCC1806_BREAST___PLASMID_OE_CDC25A___120.0___hours___nan___nan___2.0
SRR16234471	SRR16234471_1	PRJNA769402___HCC1806_BREAST___PLASMID_OE_CDC25A___48.0___hours___nan___nan___1.0
SRR16234470	SRR16234470_1	PRJNA769402___HCC1806_BREAST___PLASMID_OE_CDC25A___48.0___hours___nan___nan___1.0
SRR16234468	SRR16234468_1	PRJNA769402___HCC1806_BREAST___PLASMID_OE_CDC25A___48.0___hours___nan___nan___1.0
SRR16234469	SRR16234469_1	PRJNA769402___HCC1806_BREAST___PLASMID_OE_CDC25A___48.0___hours___nan___nan___1.0
SRR16234474	SRR16234474_1	PRJNA769402___HCC1806_BREAST___PLASMID_OE_CDC25A___48.0___hours___nan___nan___1.0
SRR16234475	SRR16234475_1	PRJNA769402___HCC1806_BREAST___PLASMID_OE_CDC25A___48.0___hours___nan___nan___1.0
SRR16234473	SRR16234473_1	PRJNA769402___HCC1806_BREAST___PLASMID_OE_CDC25A___48.0___hours___nan___nan___1.0
SRR16234472	SRR16234472_1	PRJNA769402___HCC1806_BREAST___PLASMID_OE_CDC25A___48.0___hours___nan___nan___1.0
SRR16234614	SRR16234614_1	PRJNA769402___HCC1806_BREAST___PLASMID_OE_CDC25A___48.0___hours___nan___nan___2.0
SRR16234613	SRR16234613_1	PRJNA769402___HCC1806_BREAST___PLASMID_OE_CDC25A___48.0___hours___nan___nan___2.0
SRR16234615	SRR16234615_1	PRJNA769402___HCC1806_BREAST___PLASMID_OE_CDC25A___48.0___hours___nan___nan___2.0
SRR16234619	SRR16234619_1	PRJNA769402___HCC1806_BREAST___PLASMID_OE_CDC25A___48.0___hours___nan___nan___2.0
SRR16234612	SRR16234612_1	PRJNA769402___HCC1806_BREAST___PLASMID_OE_CDC25A___48.0___hours___nan___nan___2.0
SRR16234616	SRR16234616_1	PRJNA769402___HCC1806_BREAST___PLASMID_OE_CDC25A___48.0___hours___nan___nan___2.0
SRR16234618	SRR16234618_1	PRJNA769402___HCC1806_BREAST___PLASMID_OE_CDC25A___48.0___hours___nan___nan___2.0
SRR16234617	SRR16234617_1	PRJNA769402___HCC1806_BREAST___PLASMID_OE_CDC25A___48.0___hours___nan___nan___2.0
SRR16234566	SRR16234566_1	PRJNA769402___HCC1806_BREAST___OE_CCND1___120.0___hours___nan___nan___1.0
SRR16234565	SRR16234565_1	PRJNA769402___HCC1806_BREAST___OE_CCND1___120.0___hours___nan___nan___1.0
SRR16234571	SRR16234571_1	PRJNA769402___HCC1806_BREAST___OE_CCND1___120.0___hours___nan___nan___1.0
SRR16234564	SRR16234564_1	PRJNA769402___HCC1806_BREAST___OE_CCND1___120.0___hours___nan___nan___1.0
SRR16234567	SRR16234567_1	PRJNA769402___HCC1806_BREAST___OE_CCND1___120.0___hours___nan___nan___1.0
SRR16234568	SRR16234568_1	PRJNA769402___HCC1806_BREAST___OE_CCND1___120.0___hours___nan___nan___1.0
SRR16234570	SRR16234570_1	PRJNA769402___HCC1806_BREAST___OE_CCND1___120.0___hours___nan___nan___1.0
SRR16234569	SRR16234569_1	PRJNA769402___HCC1806_BREAST___OE_CCND1___120.0___hours___nan___nan___1.0
SRR16234830	SRR16234830_1	PRJNA769402___HCC1806_BREAST___OE_CCND1___120.0___hours___nan___nan___2.0
SRR16234829	SRR16234829_1	PRJNA769402___HCC1806_BREAST___OE_CCND1___120.0___hours___nan___nan___2.0
SRR16234831	SRR16234831_1	PRJNA769402___HCC1806_BREAST___OE_CCND1___120.0___hours___nan___nan___2.0
SRR16234828	SRR16234828_1	PRJNA769402___HCC1806_BREAST___OE_CCND1___120.0___hours___nan___nan___2.0
SRR16234835	SRR16234835_1	PRJNA769402___HCC1806_BREAST___OE_CCND1___120.0___hours___nan___nan___2.0
SRR16234832	SRR16234832_1	PRJNA769402___HCC1806_BREAST___OE_CCND1___120.0___hours___nan___nan___2.0
SRR16234834	SRR16234834_1	PRJNA769402___HCC1806_BREAST___OE_CCND1___120.0___hours___nan___nan___2.0
SRR16234833	SRR16234833_1	PRJNA769402___HCC1806_BREAST___OE_CCND1___120.0___hours___nan___nan___2.0
SRR16234495	SRR16234495_1	PRJNA769402___HCC1806_BREAST___OE_CCND1___48.0___hours___nan___nan___1.0
SRR16234494	SRR16234494_1	PRJNA769402___HCC1806_BREAST___OE_CCND1___48.0___hours___nan___nan___1.0
SRR16234492	SRR16234492_1	PRJNA769402___HCC1806_BREAST___OE_CCND1___48.0___hours___nan___nan___1.0
